{"loss": [1.6213598251342773, 0.6536112427711487, 0.37840259075164795, 0.27573075890541077, 0.22758576273918152, 0.1956813782453537, 0.17139925062656403, 0.1582513302564621, 0.1476486474275589, 0.13644015789031982, 0.12794069945812225, 0.12205855548381805, 0.11434581875801086, 0.10837399214506149, 0.10278602689504623, 0.10020885616540909, 0.09736473858356476, 0.09136497974395752, 0.08964457362890244, 0.08859767019748688, 0.08353766053915024, 0.08247864246368408, 0.07813622802495956, 0.07781852036714554, 0.0707082450389862, 0.06997653096914291, 0.07025695592164993, 0.06785310804843903, 0.06654240190982819, 0.06415559351444244, 0.06225670874118805, 0.05987173318862915, 0.06150854006409645, 0.05975242331624031, 0.05815259739756584, 0.05744241923093796, 0.055724821984767914, 0.056480079889297485, 0.054216641932725906, 0.05386951565742493, 0.05160924047231674, 0.050974130630493164, 0.050451457500457764, 0.048578981310129166, 0.048233162611722946, 0.048246171325445175, 0.04677079990506172, 0.045898497104644775, 0.045784030109643936, 0.04340667277574539], "accuracy": [0.47163334488868713, 0.7960666418075562, 0.8812999725341797, 0.9131666421890259, 0.9291666746139526, 0.9400166869163513, 0.9465333223342896, 0.9508000016212463, 0.9554499983787537, 0.9577999711036682, 0.9603333473205566, 0.9624333381652832, 0.9660000205039978, 0.9663000106811523, 0.9672166705131531, 0.9685500264167786, 0.9696166515350342, 0.9716166853904724, 0.9724666476249695, 0.9724833369255066, 0.9743000268936157, 0.9747166633605957, 0.9754666686058044, 0.9754999876022339, 0.9776333570480347, 0.9781000018119812, 0.978683352470398, 0.9786333441734314, 0.9793499708175659, 0.9801333546638489, 0.9806666374206543, 0.9808333516120911, 0.9805999994277954, 0.9818333387374878, 0.981083333492279, 0.9818999767303467, 0.9827666878700256, 0.9821666479110718, 0.9830333590507507, 0.9829999804496765, 0.9837333559989929, 0.9836500287055969, 0.9843166470527649, 0.984416663646698, 0.9839166402816772, 0.9841333627700806, 0.9848833084106445, 0.9853166937828064, 0.9849666953086853, 0.9863499999046326], "val_loss": [2.1217803955078125, 2.3864495754241943, 3.0685946941375732, 3.692044496536255, 4.135672092437744, 4.438814640045166, 4.796451568603516, 4.9240570068359375, 5.055335998535156, 5.285572528839111, 5.2712788581848145, 5.397024154663086, 5.399449348449707, 5.5603132247924805, 5.468603134155273, 5.480381011962891, 5.227563381195068, 5.200599670410156, 4.978585720062256, 4.662069797515869, 4.271689414978027, 3.9522008895874023, 3.1222784519195557, 2.7740490436553955, 2.292912244796753, 1.7865421772003174, 1.3687907457351685, 1.0029911994934082, 0.8172314167022705, 0.6524155735969543, 0.5664706230163574, 0.42750102281570435, 0.3174552321434021, 0.23147708177566528, 0.17925137281417847, 0.15005935728549957, 0.13041716814041138, 0.10042588412761688, 0.08864914625883102, 0.07691352069377899, 0.06777796894311905, 0.06675932556390762, 0.06360538303852081, 0.056087810546159744, 0.05058111622929573, 0.048719316720962524, 0.04540039226412773, 0.04713432490825653, 0.04862847179174423, 0.04430245980620384], "val_accuracy": [0.3531999886035919, 0.11349999904632568, 0.11349999904632568, 0.11349999904632568, 0.11349999904632568, 0.11349999904632568, 0.11349999904632568, 0.11349999904632568, 0.11349999904632568, 0.11349999904632568, 0.11349999904632568, 0.11349999904632568, 0.11349999904632568, 0.11349999904632568, 0.11349999904632568, 0.11349999904632568, 0.11349999904632568, 0.11349999904632568, 0.11349999904632568, 0.11349999904632568, 0.11379999667406082, 0.1151999980211258, 0.1462000012397766, 0.19130000472068787, 0.2712000012397766, 0.3833000063896179, 0.5227000117301941, 0.6424999833106995, 0.7077000141143799, 0.7718999981880188, 0.8025000095367432, 0.8596000075340271, 0.8996999859809875, 0.9273999929428101, 0.9435999989509583, 0.9531999826431274, 0.9593999981880188, 0.9696000218391418, 0.9735000133514404, 0.9764999747276306, 0.9796000123023987, 0.9800999760627747, 0.9815999865531921, 0.9830999970436096, 0.98580002784729, 0.9854999780654907, 0.9868000149726868, 0.9864000082015991, 0.9850999712944031, 0.9868999719619751]}